result	chain	group	code_path	run	handshake_ms
PASS	mldsa87	mlkem512	c	1	1231
PASS	mldsa87	mlkem512	c	2	1196
PASS	mldsa87	mlkem512	c	3	1206
PASS	mldsa87	mlkem512	c	4	1172
PASS	mldsa87	mlkem512	c	5	1209
PASS	mldsa87	mlkem512	c	6	1176
PASS	mldsa87	mlkem512	c	7	1190
PASS	mldsa87	mlkem512	c	8	1224
PASS	mldsa87	mlkem512	c	9	1169
PASS	mldsa87	mlkem512	c	10	1207
PASS	mldsa87	mlkem512	c	11	1215
PASS	mldsa87	mlkem512	c	12	1192
PASS	mldsa87	mlkem512	c	13	1180
PASS	mldsa87	mlkem512	c	14	1213
PASS	mldsa87	mlkem512	c	15	1198
PASS	mldsa87	mlkem512	c	16	1179
PASS	mldsa87	mlkem512	c	17	1219
PASS	mldsa87	mlkem512	c	18	1216
PASS	mldsa87	mlkem512	c	19	1216
PASS	mldsa87	mlkem512	c	20	1176
PASS	mldsa87	mlkem512	c	21	1194
PASS	mldsa87	mlkem512	c	22	1223
PASS	mldsa87	mlkem512	c	23	1181
PASS	mldsa87	mlkem512	c	24	1226
PASS	mldsa87	mlkem512	c	25	1200
PASS	mldsa87	mlkem512	c	26	1188
PASS	mldsa87	mlkem512	c	27	1202
PASS	mldsa87	mlkem512	c	28	1229
PASS	mldsa87	mlkem512	c	29	1176
PASS	mldsa87	mlkem512	c	30	1178
PASS	mldsa87	mlkem512	c	31	1187
PASS	mldsa87	mlkem512	c	32	1208
PASS	mldsa87	mlkem512	c	33	1192
PASS	mldsa87	mlkem512	c	34	1218
PASS	mldsa87	mlkem512	c	35	1205
PASS	mldsa87	mlkem512	c	36	1201
PASS	mldsa87	mlkem512	c	37	1199
PASS	mldsa87	mlkem512	c	38	1169
PASS	mldsa87	mlkem512	c	39	1180
PASS	mldsa87	mlkem512	c	40	1223
PASS	mldsa87	mlkem512	c	41	1204
PASS	mldsa87	mlkem512	c	42	1201
PASS	mldsa87	mlkem512	c	43	1217
PASS	mldsa87	mlkem512	c	44	1223
PASS	mldsa87	mlkem512	c	45	1184
PASS	mldsa87	mlkem512	c	46	1222
PASS	mldsa87	mlkem512	c	47	1194
PASS	mldsa87	mlkem512	c	48	1187
PASS	mldsa87	mlkem512	c	49	1209
PASS	mldsa87	mlkem512	c	50	1191
PASS	mldsa87	mlkem512	c	51	1216
PASS	mldsa87	mlkem512	c	52	1194
PASS	mldsa87	mlkem512	c	53	1218
PASS	mldsa87	mlkem512	c	54	1191
PASS	mldsa87	mlkem512	c	55	1198
PASS	mldsa87	mlkem512	c	56	1210
PASS	mldsa87	mlkem512	c	57	1322
PASS	mldsa87	mlkem512	c	58	1205
PASS	mldsa87	mlkem512	c	59	1189
PASS	mldsa87	mlkem512	c	60	1207
PASS	mldsa87	mlkem512	c	61	1167
PASS	mldsa87	mlkem512	c	62	1208
PASS	mldsa87	mlkem512	c	63	1175
PASS	mldsa87	mlkem512	c	64	1219
PASS	mldsa87	mlkem512	c	65	1172
PASS	mldsa87	mlkem512	c	66	1210
PASS	mldsa87	mlkem512	c	67	1175
PASS	mldsa87	mlkem512	c	68	1205
PASS	mldsa87	mlkem512	c	69	1184
PASS	mldsa87	mlkem512	c	70	1171
PASS	mldsa87	mlkem512	c	71	1205
PASS	mldsa87	mlkem512	c	72	1210
PASS	mldsa87	mlkem512	c	73	1209
PASS	mldsa87	mlkem512	c	74	1229
PASS	mldsa87	mlkem512	c	75	1199
PASS	mldsa87	mlkem512	c	76	1216
PASS	mldsa87	mlkem512	c	77	1230
PASS	mldsa87	mlkem512	c	78	1176
PASS	mldsa87	mlkem512	c	79	1183
PASS	mldsa87	mlkem512	c	80	1196
PASS	mldsa87	mlkem512	c	81	1207
PASS	mldsa87	mlkem512	c	82	1189
PASS	mldsa87	mlkem512	c	83	1198
PASS	mldsa87	mlkem512	c	84	1200
PASS	mldsa87	mlkem512	c	85	1195
PASS	mldsa87	mlkem512	c	86	1195
PASS	mldsa87	mlkem512	c	87	1215
PASS	mldsa87	mlkem512	c	88	1177
PASS	mldsa87	mlkem512	c	89	1218
PASS	mldsa87	mlkem512	c	90	1198
PASS	mldsa87	mlkem512	c	91	1227
PASS	mldsa87	mlkem512	c	92	1216
PASS	mldsa87	mlkem512	c	93	1209
PASS	mldsa87	mlkem512	c	94	1300
PASS	mldsa87	mlkem512	c	95	1206
PASS	mldsa87	mlkem512	c	96	1209
PASS	mldsa87	mlkem512	c	97	1200
PASS	mldsa87	mlkem512	c	98	1220
PASS	mldsa87	mlkem512	c	99	1224
PASS	mldsa87	mlkem512	c	100	1214
PASS	mldsa87	mlkem768	c	1	1204
PASS	mldsa87	mlkem768	c	2	1179
PASS	mldsa87	mlkem768	c	3	1216
PASS	mldsa87	mlkem768	c	4	1222
PASS	mldsa87	mlkem768	c	5	1214
PASS	mldsa87	mlkem768	c	6	1211
PASS	mldsa87	mlkem768	c	7	1230
PASS	mldsa87	mlkem768	c	8	1213
PASS	mldsa87	mlkem768	c	9	1207
PASS	mldsa87	mlkem768	c	10	1195
PASS	mldsa87	mlkem768	c	11	1172
PASS	mldsa87	mlkem768	c	12	1223
PASS	mldsa87	mlkem768	c	13	1190
PASS	mldsa87	mlkem768	c	14	1199
PASS	mldsa87	mlkem768	c	15	1196
PASS	mldsa87	mlkem768	c	16	1197
PASS	mldsa87	mlkem768	c	17	1214
PASS	mldsa87	mlkem768	c	18	1194
PASS	mldsa87	mlkem768	c	19	1171
PASS	mldsa87	mlkem768	c	20	1204
PASS	mldsa87	mlkem768	c	21	1223
PASS	mldsa87	mlkem768	c	22	1197
PASS	mldsa87	mlkem768	c	23	1191
PASS	mldsa87	mlkem768	c	24	1202
PASS	mldsa87	mlkem768	c	25	1206
PASS	mldsa87	mlkem768	c	26	1175
PASS	mldsa87	mlkem768	c	27	1179
PASS	mldsa87	mlkem768	c	28	1194
PASS	mldsa87	mlkem768	c	29	1215
PASS	mldsa87	mlkem768	c	30	1212
PASS	mldsa87	mlkem768	c	31	1190
PASS	mldsa87	mlkem768	c	32	1210
PASS	mldsa87	mlkem768	c	33	1220
PASS	mldsa87	mlkem768	c	34	1199
PASS	mldsa87	mlkem768	c	35	1197
PASS	mldsa87	mlkem768	c	36	1182
PASS	mldsa87	mlkem768	c	37	1209
PASS	mldsa87	mlkem768	c	38	1204
PASS	mldsa87	mlkem768	c	39	1190
PASS	mldsa87	mlkem768	c	40	1201
PASS	mldsa87	mlkem768	c	41	1194
PASS	mldsa87	mlkem768	c	42	1185
PASS	mldsa87	mlkem768	c	43	1216
PASS	mldsa87	mlkem768	c	44	1178
PASS	mldsa87	mlkem768	c	45	1228
PASS	mldsa87	mlkem768	c	46	1203
PASS	mldsa87	mlkem768	c	47	1606
PASS	mldsa87	mlkem768	c	48	1196
PASS	mldsa87	mlkem768	c	49	1202
PASS	mldsa87	mlkem768	c	50	1216
PASS	mldsa87	mlkem768	c	51	1188
PASS	mldsa87	mlkem768	c	52	1218
PASS	mldsa87	mlkem768	c	53	1187
PASS	mldsa87	mlkem768	c	54	1212
PASS	mldsa87	mlkem768	c	55	1195
PASS	mldsa87	mlkem768	c	56	1215
PASS	mldsa87	mlkem768	c	57	1215
PASS	mldsa87	mlkem768	c	58	1186
PASS	mldsa87	mlkem768	c	59	1189
PASS	mldsa87	mlkem768	c	60	1204
PASS	mldsa87	mlkem768	c	61	1216
PASS	mldsa87	mlkem768	c	62	1207
PASS	mldsa87	mlkem768	c	63	1205
PASS	mldsa87	mlkem768	c	64	1178
PASS	mldsa87	mlkem768	c	65	1203
PASS	mldsa87	mlkem768	c	66	1197
PASS	mldsa87	mlkem768	c	67	1188
PASS	mldsa87	mlkem768	c	68	1205
PASS	mldsa87	mlkem768	c	69	1186
PASS	mldsa87	mlkem768	c	70	1199
PASS	mldsa87	mlkem768	c	71	1200
PASS	mldsa87	mlkem768	c	72	1223
PASS	mldsa87	mlkem768	c	73	1195
PASS	mldsa87	mlkem768	c	74	1229
PASS	mldsa87	mlkem768	c	75	1181
PASS	mldsa87	mlkem768	c	76	1198
PASS	mldsa87	mlkem768	c	77	1183
PASS	mldsa87	mlkem768	c	78	1219
PASS	mldsa87	mlkem768	c	79	1172
PASS	mldsa87	mlkem768	c	80	1214
PASS	mldsa87	mlkem768	c	81	1228
PASS	mldsa87	mlkem768	c	82	1222
PASS	mldsa87	mlkem768	c	83	1227
PASS	mldsa87	mlkem768	c	84	1190
PASS	mldsa87	mlkem768	c	85	1172
PASS	mldsa87	mlkem768	c	86	1233
PASS	mldsa87	mlkem768	c	87	1188
PASS	mldsa87	mlkem768	c	88	1202
PASS	mldsa87	mlkem768	c	89	1186
PASS	mldsa87	mlkem768	c	90	1188
PASS	mldsa87	mlkem768	c	91	1204
PASS	mldsa87	mlkem768	c	92	1171
PASS	mldsa87	mlkem768	c	93	1190
PASS	mldsa87	mlkem768	c	94	1223
PASS	mldsa87	mlkem768	c	95	1195
PASS	mldsa87	mlkem768	c	96	1215
PASS	mldsa87	mlkem768	c	97	1189
PASS	mldsa87	mlkem768	c	98	1199
PASS	mldsa87	mlkem768	c	99	1200
PASS	mldsa87	mlkem768	c	100	1222
PASS	mldsa87	mlkem1024	c	1	1213
PASS	mldsa87	mlkem1024	c	2	1179
PASS	mldsa87	mlkem1024	c	3	1186
PASS	mldsa87	mlkem1024	c	4	1197
PASS	mldsa87	mlkem1024	c	5	1195
PASS	mldsa87	mlkem1024	c	6	1210
PASS	mldsa87	mlkem1024	c	7	1208
PASS	mldsa87	mlkem1024	c	8	1173
PASS	mldsa87	mlkem1024	c	9	1210
PASS	mldsa87	mlkem1024	c	10	1229
PASS	mldsa87	mlkem1024	c	11	1216
PASS	mldsa87	mlkem1024	c	12	1202
PASS	mldsa87	mlkem1024	c	13	1217
PASS	mldsa87	mlkem1024	c	14	1259
PASS	mldsa87	mlkem1024	c	15	1193
PASS	mldsa87	mlkem1024	c	16	1231
PASS	mldsa87	mlkem1024	c	17	1225
PASS	mldsa87	mlkem1024	c	18	1215
PASS	mldsa87	mlkem1024	c	19	1283
PASS	mldsa87	mlkem1024	c	20	1178
PASS	mldsa87	mlkem1024	c	21	1189
PASS	mldsa87	mlkem1024	c	22	1189
PASS	mldsa87	mlkem1024	c	23	1208
PASS	mldsa87	mlkem1024	c	24	1232
PASS	mldsa87	mlkem1024	c	25	1215
PASS	mldsa87	mlkem1024	c	26	1214
PASS	mldsa87	mlkem1024	c	27	1211
PASS	mldsa87	mlkem1024	c	28	1190
PASS	mldsa87	mlkem1024	c	29	1200
PASS	mldsa87	mlkem1024	c	30	1197
PASS	mldsa87	mlkem1024	c	31	1202
PASS	mldsa87	mlkem1024	c	32	1227
PASS	mldsa87	mlkem1024	c	33	1196
PASS	mldsa87	mlkem1024	c	34	1188
PASS	mldsa87	mlkem1024	c	35	1190
PASS	mldsa87	mlkem1024	c	36	1190
PASS	mldsa87	mlkem1024	c	37	1191
PASS	mldsa87	mlkem1024	c	38	1200
PASS	mldsa87	mlkem1024	c	39	1207
PASS	mldsa87	mlkem1024	c	40	1190
PASS	mldsa87	mlkem1024	c	41	1219
PASS	mldsa87	mlkem1024	c	42	1210
PASS	mldsa87	mlkem1024	c	43	1199
PASS	mldsa87	mlkem1024	c	44	1191
PASS	mldsa87	mlkem1024	c	45	1235
PASS	mldsa87	mlkem1024	c	46	1210
PASS	mldsa87	mlkem1024	c	47	1172
PASS	mldsa87	mlkem1024	c	48	1223
PASS	mldsa87	mlkem1024	c	49	1212
PASS	mldsa87	mlkem1024	c	50	1168
PASS	mldsa87	mlkem1024	c	51	1214
PASS	mldsa87	mlkem1024	c	52	1217
PASS	mldsa87	mlkem1024	c	53	1216
PASS	mldsa87	mlkem1024	c	54	1201
PASS	mldsa87	mlkem1024	c	55	1201
PASS	mldsa87	mlkem1024	c	56	1177
PASS	mldsa87	mlkem1024	c	57	1217
PASS	mldsa87	mlkem1024	c	58	1201
PASS	mldsa87	mlkem1024	c	59	1778
PASS	mldsa87	mlkem1024	c	60	1221
PASS	mldsa87	mlkem1024	c	61	1175
PASS	mldsa87	mlkem1024	c	62	1214
PASS	mldsa87	mlkem1024	c	63	1185
PASS	mldsa87	mlkem1024	c	64	1195
PASS	mldsa87	mlkem1024	c	65	1185
PASS	mldsa87	mlkem1024	c	66	1208
PASS	mldsa87	mlkem1024	c	67	1222
PASS	mldsa87	mlkem1024	c	68	1223
PASS	mldsa87	mlkem1024	c	69	1208
PASS	mldsa87	mlkem1024	c	70	1200
PASS	mldsa87	mlkem1024	c	71	1190
PASS	mldsa87	mlkem1024	c	72	1197
PASS	mldsa87	mlkem1024	c	73	1204
PASS	mldsa87	mlkem1024	c	74	1216
PASS	mldsa87	mlkem1024	c	75	1216
PASS	mldsa87	mlkem1024	c	76	1229
PASS	mldsa87	mlkem1024	c	77	1196
PASS	mldsa87	mlkem1024	c	78	1220
PASS	mldsa87	mlkem1024	c	79	1222
PASS	mldsa87	mlkem1024	c	80	1184
PASS	mldsa87	mlkem1024	c	81	1216
PASS	mldsa87	mlkem1024	c	82	1215
PASS	mldsa87	mlkem1024	c	83	1213
PASS	mldsa87	mlkem1024	c	84	1206
PASS	mldsa87	mlkem1024	c	85	1204
PASS	mldsa87	mlkem1024	c	86	1199
PASS	mldsa87	mlkem1024	c	87	1190
PASS	mldsa87	mlkem1024	c	88	1222
PASS	mldsa87	mlkem1024	c	89	1212
PASS	mldsa87	mlkem1024	c	90	1196
PASS	mldsa87	mlkem1024	c	91	1195
PASS	mldsa87	mlkem1024	c	92	1200
PASS	mldsa87	mlkem1024	c	93	1223
PASS	mldsa87	mlkem1024	c	94	1213
PASS	mldsa87	mlkem1024	c	95	1196
PASS	mldsa87	mlkem1024	c	96	1256
PASS	mldsa87	mlkem1024	c	97	1222
PASS	mldsa87	mlkem1024	c	98	1218
PASS	mldsa87	mlkem1024	c	99	1197
PASS	mldsa87	mlkem1024	c	100	1196
PASS	mldsa87	ntruplus768	c	1	1178
PASS	mldsa87	ntruplus768	c	2	1183
PASS	mldsa87	ntruplus768	c	3	1197
PASS	mldsa87	ntruplus768	c	4	1177
PASS	mldsa87	ntruplus768	c	5	1210
PASS	mldsa87	ntruplus768	c	6	1184
PASS	mldsa87	ntruplus768	c	7	1187
PASS	mldsa87	ntruplus768	c	8	1207
PASS	mldsa87	ntruplus768	c	9	1198
PASS	mldsa87	ntruplus768	c	10	1206
PASS	mldsa87	ntruplus768	c	11	1206
PASS	mldsa87	ntruplus768	c	12	1199
PASS	mldsa87	ntruplus768	c	13	1187
PASS	mldsa87	ntruplus768	c	14	1182
PASS	mldsa87	ntruplus768	c	15	1197
PASS	mldsa87	ntruplus768	c	16	1207
PASS	mldsa87	ntruplus768	c	17	1208
PASS	mldsa87	ntruplus768	c	18	1186
PASS	mldsa87	ntruplus768	c	19	1180
PASS	mldsa87	ntruplus768	c	20	1203
PASS	mldsa87	ntruplus768	c	21	1200
PASS	mldsa87	ntruplus768	c	22	1219
PASS	mldsa87	ntruplus768	c	23	1197
PASS	mldsa87	ntruplus768	c	24	1198
PASS	mldsa87	ntruplus768	c	25	1193
PASS	mldsa87	ntruplus768	c	26	1191
PASS	mldsa87	ntruplus768	c	27	1184
PASS	mldsa87	ntruplus768	c	28	1203
PASS	mldsa87	ntruplus768	c	29	1187
PASS	mldsa87	ntruplus768	c	30	1178
PASS	mldsa87	ntruplus768	c	31	1191
PASS	mldsa87	ntruplus768	c	32	1170
PASS	mldsa87	ntruplus768	c	33	1192
PASS	mldsa87	ntruplus768	c	34	1208
PASS	mldsa87	ntruplus768	c	35	1201
PASS	mldsa87	ntruplus768	c	36	1227
PASS	mldsa87	ntruplus768	c	37	1178
PASS	mldsa87	ntruplus768	c	38	1193
PASS	mldsa87	ntruplus768	c	39	1188
PASS	mldsa87	ntruplus768	c	40	1174
PASS	mldsa87	ntruplus768	c	41	1176
PASS	mldsa87	ntruplus768	c	42	1181
PASS	mldsa87	ntruplus768	c	43	1215
PASS	mldsa87	ntruplus768	c	44	1173
PASS	mldsa87	ntruplus768	c	45	1209
PASS	mldsa87	ntruplus768	c	46	1199
PASS	mldsa87	ntruplus768	c	47	1197
PASS	mldsa87	ntruplus768	c	48	1224
PASS	mldsa87	ntruplus768	c	49	1214
PASS	mldsa87	ntruplus768	c	50	1214
PASS	mldsa87	ntruplus768	c	51	1231
PASS	mldsa87	ntruplus768	c	52	1179
PASS	mldsa87	ntruplus768	c	53	1201
PASS	mldsa87	ntruplus768	c	54	1223
PASS	mldsa87	ntruplus768	c	55	1224
PASS	mldsa87	ntruplus768	c	56	1225
PASS	mldsa87	ntruplus768	c	57	1221
PASS	mldsa87	ntruplus768	c	58	1172
PASS	mldsa87	ntruplus768	c	59	1218
PASS	mldsa87	ntruplus768	c	60	1212
PASS	mldsa87	ntruplus768	c	61	1171
PASS	mldsa87	ntruplus768	c	62	1171
PASS	mldsa87	ntruplus768	c	63	1209
PASS	mldsa87	ntruplus768	c	64	1220
PASS	mldsa87	ntruplus768	c	65	1202
PASS	mldsa87	ntruplus768	c	66	1182
PASS	mldsa87	ntruplus768	c	67	1222
PASS	mldsa87	ntruplus768	c	68	1230
PASS	mldsa87	ntruplus768	c	69	1187
PASS	mldsa87	ntruplus768	c	70	1230
PASS	mldsa87	ntruplus768	c	71	1233
PASS	mldsa87	ntruplus768	c	72	1226
PASS	mldsa87	ntruplus768	c	73	1206
PASS	mldsa87	ntruplus768	c	74	1190
PASS	mldsa87	ntruplus768	c	75	1214
PASS	mldsa87	ntruplus768	c	76	1177
PASS	mldsa87	ntruplus768	c	77	1198
PASS	mldsa87	ntruplus768	c	78	1192
PASS	mldsa87	ntruplus768	c	79	1230
PASS	mldsa87	ntruplus768	c	80	1197
PASS	mldsa87	ntruplus768	c	81	1179
PASS	mldsa87	ntruplus768	c	82	1169
PASS	mldsa87	ntruplus768	c	83	1194
PASS	mldsa87	ntruplus768	c	84	1225
PASS	mldsa87	ntruplus768	c	85	1223
PASS	mldsa87	ntruplus768	c	86	1189
PASS	mldsa87	ntruplus768	c	87	1188
PASS	mldsa87	ntruplus768	c	88	1179
PASS	mldsa87	ntruplus768	c	89	1183
PASS	mldsa87	ntruplus768	c	90	1202
PASS	mldsa87	ntruplus768	c	91	1197
PASS	mldsa87	ntruplus768	c	92	1202
PASS	mldsa87	ntruplus768	c	93	1201
PASS	mldsa87	ntruplus768	c	94	1178
PASS	mldsa87	ntruplus768	c	95	1204
PASS	mldsa87	ntruplus768	c	96	1185
PASS	mldsa87	ntruplus768	c	97	1191
PASS	mldsa87	ntruplus768	c	98	1206
PASS	mldsa87	ntruplus768	c	99	1230
PASS	mldsa87	ntruplus768	c	100	1193
PASS	mldsa87	ntruplus864	c	1	1203
PASS	mldsa87	ntruplus864	c	2	1201
PASS	mldsa87	ntruplus864	c	3	1190
PASS	mldsa87	ntruplus864	c	4	1225
PASS	mldsa87	ntruplus864	c	5	1198
PASS	mldsa87	ntruplus864	c	6	1217
PASS	mldsa87	ntruplus864	c	7	1192
PASS	mldsa87	ntruplus864	c	8	1204
PASS	mldsa87	ntruplus864	c	9	1186
PASS	mldsa87	ntruplus864	c	10	1214
PASS	mldsa87	ntruplus864	c	11	1204
PASS	mldsa87	ntruplus864	c	12	1195
PASS	mldsa87	ntruplus864	c	13	1215
PASS	mldsa87	ntruplus864	c	14	1192
PASS	mldsa87	ntruplus864	c	15	1219
PASS	mldsa87	ntruplus864	c	16	1209
PASS	mldsa87	ntruplus864	c	17	1204
PASS	mldsa87	ntruplus864	c	18	1214
PASS	mldsa87	ntruplus864	c	19	1185
PASS	mldsa87	ntruplus864	c	20	1191
PASS	mldsa87	ntruplus864	c	21	1193
PASS	mldsa87	ntruplus864	c	22	1179
PASS	mldsa87	ntruplus864	c	23	1223
PASS	mldsa87	ntruplus864	c	24	1196
PASS	mldsa87	ntruplus864	c	25	1197
PASS	mldsa87	ntruplus864	c	26	1220
PASS	mldsa87	ntruplus864	c	27	1191
PASS	mldsa87	ntruplus864	c	28	1209
PASS	mldsa87	ntruplus864	c	29	1211
PASS	mldsa87	ntruplus864	c	30	1202
PASS	mldsa87	ntruplus864	c	31	1200
PASS	mldsa87	ntruplus864	c	32	1220
PASS	mldsa87	ntruplus864	c	33	1193
PASS	mldsa87	ntruplus864	c	34	1224
PASS	mldsa87	ntruplus864	c	35	1179
PASS	mldsa87	ntruplus864	c	36	1211
PASS	mldsa87	ntruplus864	c	37	1236
PASS	mldsa87	ntruplus864	c	38	1188
PASS	mldsa87	ntruplus864	c	39	1189
PASS	mldsa87	ntruplus864	c	40	1185
PASS	mldsa87	ntruplus864	c	41	1225
PASS	mldsa87	ntruplus864	c	42	1185
PASS	mldsa87	ntruplus864	c	43	1219
PASS	mldsa87	ntruplus864	c	44	1182
PASS	mldsa87	ntruplus864	c	45	1223
PASS	mldsa87	ntruplus864	c	46	1190
PASS	mldsa87	ntruplus864	c	47	1180
PASS	mldsa87	ntruplus864	c	48	1226
PASS	mldsa87	ntruplus864	c	49	1212
PASS	mldsa87	ntruplus864	c	50	1230
PASS	mldsa87	ntruplus864	c	51	1215
PASS	mldsa87	ntruplus864	c	52	1208
PASS	mldsa87	ntruplus864	c	53	1177
PASS	mldsa87	ntruplus864	c	54	1179
PASS	mldsa87	ntruplus864	c	55	1199
PASS	mldsa87	ntruplus864	c	56	1196
PASS	mldsa87	ntruplus864	c	57	1391
PASS	mldsa87	ntruplus864	c	58	1205
PASS	mldsa87	ntruplus864	c	59	1218
PASS	mldsa87	ntruplus864	c	60	1189
PASS	mldsa87	ntruplus864	c	61	1201
PASS	mldsa87	ntruplus864	c	62	1230
PASS	mldsa87	ntruplus864	c	63	1178
PASS	mldsa87	ntruplus864	c	64	1204
PASS	mldsa87	ntruplus864	c	65	1235
PASS	mldsa87	ntruplus864	c	66	1211
PASS	mldsa87	ntruplus864	c	67	1192
PASS	mldsa87	ntruplus864	c	68	1221
PASS	mldsa87	ntruplus864	c	69	1187
PASS	mldsa87	ntruplus864	c	70	1187
PASS	mldsa87	ntruplus864	c	71	1171
PASS	mldsa87	ntruplus864	c	72	1215
PASS	mldsa87	ntruplus864	c	73	1203
PASS	mldsa87	ntruplus864	c	74	1219
PASS	mldsa87	ntruplus864	c	75	1201
PASS	mldsa87	ntruplus864	c	76	1215
PASS	mldsa87	ntruplus864	c	77	1199
PASS	mldsa87	ntruplus864	c	78	1200
PASS	mldsa87	ntruplus864	c	79	1191
PASS	mldsa87	ntruplus864	c	80	1209
PASS	mldsa87	ntruplus864	c	81	1203
PASS	mldsa87	ntruplus864	c	82	1169
PASS	mldsa87	ntruplus864	c	83	1203
PASS	mldsa87	ntruplus864	c	84	1211
PASS	mldsa87	ntruplus864	c	85	1232
PASS	mldsa87	ntruplus864	c	86	1197
PASS	mldsa87	ntruplus864	c	87	1210
PASS	mldsa87	ntruplus864	c	88	1197
PASS	mldsa87	ntruplus864	c	89	1228
PASS	mldsa87	ntruplus864	c	90	1208
PASS	mldsa87	ntruplus864	c	91	1211
PASS	mldsa87	ntruplus864	c	92	1191
PASS	mldsa87	ntruplus864	c	93	1197
PASS	mldsa87	ntruplus864	c	94	1229
PASS	mldsa87	ntruplus864	c	95	1221
PASS	mldsa87	ntruplus864	c	96	1198
PASS	mldsa87	ntruplus864	c	97	1192
PASS	mldsa87	ntruplus864	c	98	1183
PASS	mldsa87	ntruplus864	c	99	1212
PASS	mldsa87	ntruplus864	c	100	1194
PASS	mldsa87	ntruplus1152	c	1	1217
PASS	mldsa87	ntruplus1152	c	2	1226
PASS	mldsa87	ntruplus1152	c	3	1187
PASS	mldsa87	ntruplus1152	c	4	1191
PASS	mldsa87	ntruplus1152	c	5	1222
PASS	mldsa87	ntruplus1152	c	6	1206
PASS	mldsa87	ntruplus1152	c	7	1211
PASS	mldsa87	ntruplus1152	c	8	1206
PASS	mldsa87	ntruplus1152	c	9	1176
PASS	mldsa87	ntruplus1152	c	10	1206
PASS	mldsa87	ntruplus1152	c	11	1222
PASS	mldsa87	ntruplus1152	c	12	1229
PASS	mldsa87	ntruplus1152	c	13	1181
PASS	mldsa87	ntruplus1152	c	14	1188
PASS	mldsa87	ntruplus1152	c	15	1205
PASS	mldsa87	ntruplus1152	c	16	1203
PASS	mldsa87	ntruplus1152	c	17	1172
PASS	mldsa87	ntruplus1152	c	18	1306
PASS	mldsa87	ntruplus1152	c	19	1213
PASS	mldsa87	ntruplus1152	c	20	1222
PASS	mldsa87	ntruplus1152	c	21	1192
PASS	mldsa87	ntruplus1152	c	22	1171
PASS	mldsa87	ntruplus1152	c	23	1205
PASS	mldsa87	ntruplus1152	c	24	1203
PASS	mldsa87	ntruplus1152	c	25	1207
PASS	mldsa87	ntruplus1152	c	26	1171
PASS	mldsa87	ntruplus1152	c	27	1221
PASS	mldsa87	ntruplus1152	c	28	1221
PASS	mldsa87	ntruplus1152	c	29	1204
PASS	mldsa87	ntruplus1152	c	30	1204
PASS	mldsa87	ntruplus1152	c	31	1234
PASS	mldsa87	ntruplus1152	c	32	1211
PASS	mldsa87	ntruplus1152	c	33	1188
PASS	mldsa87	ntruplus1152	c	34	1215
PASS	mldsa87	ntruplus1152	c	35	1215
PASS	mldsa87	ntruplus1152	c	36	1208
PASS	mldsa87	ntruplus1152	c	37	1208
PASS	mldsa87	ntruplus1152	c	38	1224
PASS	mldsa87	ntruplus1152	c	39	1191
PASS	mldsa87	ntruplus1152	c	40	1192
PASS	mldsa87	ntruplus1152	c	41	1214
PASS	mldsa87	ntruplus1152	c	42	1228
PASS	mldsa87	ntruplus1152	c	43	1225
PASS	mldsa87	ntruplus1152	c	44	1207
PASS	mldsa87	ntruplus1152	c	45	1219
PASS	mldsa87	ntruplus1152	c	46	1215
PASS	mldsa87	ntruplus1152	c	47	1253
PASS	mldsa87	ntruplus1152	c	48	1203
PASS	mldsa87	ntruplus1152	c	49	1208
PASS	mldsa87	ntruplus1152	c	50	1184
PASS	mldsa87	ntruplus1152	c	51	1176
PASS	mldsa87	ntruplus1152	c	52	1178
PASS	mldsa87	ntruplus1152	c	53	1199
PASS	mldsa87	ntruplus1152	c	54	1218
PASS	mldsa87	ntruplus1152	c	55	1230
PASS	mldsa87	ntruplus1152	c	56	1221
PASS	mldsa87	ntruplus1152	c	57	1223
PASS	mldsa87	ntruplus1152	c	58	1194
PASS	mldsa87	ntruplus1152	c	59	1187
PASS	mldsa87	ntruplus1152	c	60	1199
PASS	mldsa87	ntruplus1152	c	61	1194
PASS	mldsa87	ntruplus1152	c	62	1221
PASS	mldsa87	ntruplus1152	c	63	1215
PASS	mldsa87	ntruplus1152	c	64	1209
PASS	mldsa87	ntruplus1152	c	65	1224
PASS	mldsa87	ntruplus1152	c	66	1218
PASS	mldsa87	ntruplus1152	c	67	1184
PASS	mldsa87	ntruplus1152	c	68	1203
PASS	mldsa87	ntruplus1152	c	69	1232
PASS	mldsa87	ntruplus1152	c	70	1193
PASS	mldsa87	ntruplus1152	c	71	1194
PASS	mldsa87	ntruplus1152	c	72	1186
PASS	mldsa87	ntruplus1152	c	73	1222
PASS	mldsa87	ntruplus1152	c	74	1210
PASS	mldsa87	ntruplus1152	c	75	1206
PASS	mldsa87	ntruplus1152	c	76	1191
PASS	mldsa87	ntruplus1152	c	77	1216
PASS	mldsa87	ntruplus1152	c	78	1209
PASS	mldsa87	ntruplus1152	c	79	1191
PASS	mldsa87	ntruplus1152	c	80	1192
PASS	mldsa87	ntruplus1152	c	81	1206
PASS	mldsa87	ntruplus1152	c	82	1181
PASS	mldsa87	ntruplus1152	c	83	1203
PASS	mldsa87	ntruplus1152	c	84	1182
PASS	mldsa87	ntruplus1152	c	85	1215
PASS	mldsa87	ntruplus1152	c	86	1194
PASS	mldsa87	ntruplus1152	c	87	1213
PASS	mldsa87	ntruplus1152	c	88	1200
PASS	mldsa87	ntruplus1152	c	89	1199
PASS	mldsa87	ntruplus1152	c	90	1188
PASS	mldsa87	ntruplus1152	c	91	1222
PASS	mldsa87	ntruplus1152	c	92	1196
PASS	mldsa87	ntruplus1152	c	93	1224
PASS	mldsa87	ntruplus1152	c	94	1181
PASS	mldsa87	ntruplus1152	c	95	1225
PASS	mldsa87	ntruplus1152	c	96	1188
PASS	mldsa87	ntruplus1152	c	97	1215
PASS	mldsa87	ntruplus1152	c	98	1205
PASS	mldsa87	ntruplus1152	c	99	1223
PASS	mldsa87	ntruplus1152	c	100	1199
